<?xml version="1.0" encoding="UTF-8"?>
<document>
	<title><![CDATA[AccessPressMag]]></title>
	<author><![CDATA[PluXml]]></author>
	<version>1.0</version>
	<date>03/04/2016</date>
	<site>http://www.pluxml.org</site>
	<description><![CDATA[Thème élaboré pour un site de nouvelles à canaux variés.  Simplement en séparant les articles par catégories, ils se placent dans la section désignée.  Une fois la configuration de l'accueil,de la sidebar et du footer terminée, tout fonctionne comme un site PluXml normal.]]></description>
</document>