<?xml version="1.0" encoding="UTF-8"?>
<document>
	<title><![CDATA[Receptar]]></title>
	<author><![CDATA[PluXml]]></author>
	<version>1.0</version>
	<date>06/04/2016</date>
	<site>http://www.pluxml.org</site>
	<description><![CDATA[Receptar est un thème dynamique avec un slider et un menu escamotable sur el côté.  
	Ce menu fait aussi office de sidebar pour contenir les liens vers les sections qu'on y retrouve habituellement.  
	Aucun plugin nécessaire à part peut-être plxMySearch ou autre si on veut utiliser l'outil de recherche.]]></description>
</document>