<?xml version="1.0" encoding="utf-8" ?>
<dwsync>
<file name="actualites.jpg" server="ftpperso.free.fr" local="129624687600000000" remote="129624687600000000" />
<file name="apprendre-google.jpg" server="ftpperso.free.fr" local="129624687600000000" remote="129624687600000000" />
<file name="bg_author_info.png" server="ftpperso.free.fr" local="129622855800000000" remote="129622855800000000" />
<file name="bg_css.gif" server="ftpperso.free.fr" local="129622855800000000" remote="129622855800000000" />
<file name="bgbandr.gif" server="ftpperso.free.fr" local="129622855800000000" remote="129622855800000000" />
<file name="blue.gif" server="ftpperso.free.fr" local="129622855800000000" remote="129622855800000000" />
<file name="border.jpg" server="ftpperso.free.fr" local="129622855800000000" remote="129622855800000000" />
<file name="chambres-hotes.jpg" server="ftpperso.free.fr" local="129624687600000000" remote="129624687600000000" />
<file name="comment.gif" server="ftpperso.free.fr" local="129622855800000000" remote="129622855800000000" />
<file name="communiques.jpg" server="ftpperso.free.fr" local="129624687600000000" remote="129624687600000000" />
<file name="coups-de-gueule.jpg" server="ftpperso.free.fr" local="129624687600000000" remote="129624687600000000" />
<file name="creations-numeriques.jpg" server="ftpperso.free.fr" local="129624687600000000" remote="129624687600000000" />
<file name="favicon.ico" server="ftpperso.free.fr" local="129622855800000000" remote="129622855800000000" />
<file name="favicon.png" server="ftpperso.free.fr" local="129622855800000000" remote="129622855800000000" />
<file name="feed-icon-14x14.gif" server="ftpperso.free.fr" local="129622855800000000" remote="129622855800000000" />
<file name="fond_page.jpg" server="ftpperso.free.fr" local="129622855800000000" remote="129622855800000000" />
<file name="footerBG.png" server="ftpperso.free.fr" local="129622855800000000" remote="129622855800000000" />
<file name="google-yahoo-bing.jpg" server="ftpperso.free.fr" local="129624687600000000" remote="129624687600000000" />
<file name="humour.jpg" server="ftpperso.free.fr" local="129624687600000000" remote="129624687600000000" />
<file name="icones.png" server="ftpperso.free.fr" local="129622855800000000" remote="129622855800000000" />
<file name="icons.png" server="ftpperso.free.fr" local="129622855800000000" remote="129622855800000000" />
<file name="index.html" server="ftpperso.free.fr" local="129624687600000000" remote="129624687600000000" />
<file name="info.gif" server="ftpperso.free.fr" local="129622855800000000" remote="129622855800000000" />
<file name="liens-en-dur.jpg" server="ftpperso.free.fr" local="129624687600000000" remote="129624687600000000" />
<file name="liens-utiles.jpg" server="ftpperso.free.fr" local="129624688200000000" remote="129624688200000000" />
<file name="logo.png" server="ftpperso.free.fr" local="129622855800000000" remote="129622855800000000" />
<file name="menu.png" server="ftpperso.free.fr" local="129622855800000000" remote="129622855800000000" />
<file name="menuBG.png" server="ftpperso.free.fr" local="129622855800000000" remote="129622855800000000" />
<file name="pluxml.jpg" server="ftpperso.free.fr" local="129624688200000000" remote="129624688200000000" />
<file name="referencement.jpg" server="ftpperso.free.fr" local="129624688200000000" remote="129624688200000000" />
<file name="side.jpg" server="ftpperso.free.fr" local="129622855800000000" remote="129622855800000000" />
<file name="sur-le-net.jpg" server="ftpperso.free.fr" local="129624688200000000" remote="129624688200000000" />
<file name="tab.jpg" server="ftpperso.free.fr" local="129622855800000000" remote="129622855800000000" />
</dwsync>